frame	time	active_motion	active_phase	replacement_blend	hand_r_x	hand_r_y	hand_r_z	swept_target_distance	pelvis_x	pelvis_y	pelvis_z	lead_foot_drift	detached_centroid_x	detached_centroid_y	detached_centroid_z	detached_min_y	attached_voxels	base_joints	replacement_joints	physics_joints
0	0	Punch_Jab	0	0	-0.228974	1.31988	0.100521	0.641169	0.0179631	0.825104	-0.0220266	0	0	0	0	0	1673	0	0	0
1	0.0333333	Punch_Jab	0.0384615	0	-0.229049	1.31985	0.100455	0.641256	0.0179599	0.825105	-0.0219902	0.000131006	0	0	0	0	1673	0	0	0
2	0.0666667	Punch_Jab	0.0769231	0	-0.229911	1.31979	0.0999183	0.642036	0.0179373	0.825111	-0.0217356	0.000124435	0	0	0	0	1673	0	0	0
3	0.1	Punch_Jab	0.115385	0	-0.232123	1.31956	0.0984689	0.64411	0.0178761	0.825127	-0.0210445	4.38253e-07	0	0	0	0	1673	0	0	0
4	0.133333	Punch_Cross	0.153846	0	-0.236373	1.31915	0.0955788	0.648205	0.0177573	0.825157	-0.0196988	5.84764e-07	0.173284	1.3124	0.204527	1.13965	1530	1	41	23
5	0.166667	Punch_Cross	0.0333333	0.1262	-0.30913	1.30766	0.0472356	0.648205	0.0136223	0.826352	0.0327257	0.00094315	0.171582	1.30697	0.207424	1.13419	1530	1	41	23
6	0.2	Punch_Cross	0.0666667	0.41701	-0.309247	1.32072	-0.00133979	0.719689	0.012986	0.826002	0.0150112	0.00249116	0.170126	1.29092	0.210865	1.11836	1530	1	41	23
7	0.233333	Punch_Cross	0.1	0.740741	-0.271215	1.32586	0.0532811	0.699183	0.0151331	0.825496	-0.00570595	0.00208612	0.168893	1.26436	0.214773	1.09209	1530	1	41	23
8	0.266667	Punch_Cross	0.133333	0.965706	-0.23477	1.33296	0.0775392	0.664135	0.0175412	0.825154	-0.0199263	0.000390375	0.167756	1.22729	0.218989	1.05532	1530	1	41	23
9	0.3	Punch_Cross	0.166667	1	-0.228974	1.31988	0.100521	0.641169	0.0179631	0.825104	-0.0220266	3.18887e-16	0.166618	1.17969	0.223363	1.00799	1530	1	41	23
10	0.333333	Punch_Cross	0.2	1	-0.223012	1.32357	0.396784	0.368116	0.0042498	0.838271	-0.0182436	4.77457e-07	0.165432	1.12155	0.227794	0.950092	1530	1	41	23
11	0.366667	Punch_Cross	0.233333	1	-0.173846	1.3982	0.612873	0.176063	-0.00825875	0.851661	-0.0151551	3.282e-06	0.164183	1.05291	0.23222	0.881652	1530	1	41	23
12	0.4	Punch_Cross	0.266667	1	-0.142903	1.34095	0.666797	0.120278	-0.0072266	0.851661	-0.0152873	3.54278e-06	0.162877	0.973816	0.236616	0.802715	1530	1	41	23
13	0.433333	Punch_Cross	0.3	1	-0.126083	1.3574	0.667742	0.103004	-0.00706163	0.851661	-0.0153119	3.45216e-06	0.161523	0.884314	0.240972	0.71334	1530	1	41	23
14	0.466667	Punch_Cross	0.333333	1	-0.125064	1.36859	0.66608	0.102926	-0.00728119	0.851661	-0.0152827	0.000118814	0.160135	0.784468	0.245289	0.613595	1530	1	41	23
15	0.5	Punch_Cross	0.366667	1	-0.131462	1.37513	0.663722	0.103188	-0.00750075	0.851661	-0.0152536	0.000114278	0.158723	0.674343	0.249569	0.503548	1530	1	41	23
16	0.533333	Punch_Cross	0.4	1	-0.139885	1.37726	0.661769	0.110717	-0.00772031	0.851661	-0.0152245	5.75599e-05	0.157297	0.554001	0.253817	0.383265	1530	1	41	23
17	0.566667	Punch_Cross	0.433333	1	-0.145018	1.37249	0.660603	0.119422	-0.00793987	0.851661	-0.0151953	5.85828e-06	0.155862	0.423506	0.258036	0.252816	1530	1	41	23
18	0.6	Punch_Cross	0.466667	1	-0.145906	1.35901	0.659313	0.123922	-0.00815943	0.851661	-0.0151662	2.99923e-06	0.154424	0.282918	0.262228	0.112264	1530	1	41	23
19	0.633333	Punch_Cross	0.5	1	-0.140473	1.33826	0.656893	0.122392	-0.00818426	0.851661	-0.0151634	7.43049e-05	0.164778	0.180384	0.270034	0.02644	1530	1	41	23
20	0.666667	Punch_Cross	0.533333	1	-0.135012	1.31307	0.650243	0.122392	-0.00820909	0.851661	-0.0151606	0.000105154	0.168747	0.130382	0.278611	0.022074	1530	1	41	23
21	0.7	Punch_Cross	0.566667	1	-0.1359	1.28665	0.636563	0.127472	-0.00823392	0.851661	-0.0151578	0.000119681	0.165745	0.142996	0.287965	0.0494364	1530	1	41	23
22	0.733333	Punch_Cross	0.6	1	-0.140564	1.26159	0.615408	0.146178	-0.00825875	0.851661	-0.0151551	2.9124e-06	0.163109	0.144412	0.293253	0.0547191	1530	1	41	23
23	0.766667	Punch_Cross	0.633333	1	-0.152243	1.24145	0.584688	0.173628	-0.00781566	0.85113	-0.0152504	2.69125e-06	0.161196	0.13406	0.297167	0.0454492	1530	1	41	23
24	0.8	Punch_Cross	0.666667	1	-0.171404	1.229	0.543489	0.209456	-0.00656915	0.849663	-0.0155299	1.39897e-06	0.159235	0.121037	0.300806	0.0312347	1530	1	41	23
25	0.833333	Punch_Cross	0.7	1	-0.192654	1.22515	0.493848	0.252801	-0.0046721	0.847453	-0.0159892	6.04063e-07	0.158389	0.117574	0.302478	0.0275713	1530	1	41	23
26	0.866667	Punch_Cross	0.733333	1	-0.212429	1.22971	0.438053	0.3004	-0.00229078	0.84469	-0.0166218	8.07543e-06	0.158521	0.115901	0.302884	0.0265229	1530	1	41	23
27	0.9	Punch_Cross	0.766667	1	-0.228311	1.24089	0.378597	0.350646	0.000515727	0.841481	-0.0174704	0.000141163	0.159293	0.114554	0.301805	0.0257346	1530	1	41	23
28	0.933333	Punch_Cross	0.8	1	-0.239594	1.25669	0.318052	0.402458	0.00332224	0.838271	-0.0183189	6.5352e-07	0.160537	0.113323	0.299413	0.0250586	1530	1	41	23
29	0.966667	Punch_Cross	0.833333	1	-0.245303	1.274	0.259206	0.454718	0.00635799	0.835088	-0.0192639	0.000101431	0.161954	0.112205	0.29626	0.0244974	1530	1	41	23
30	1	Punch_Cross	0.866667	1	-0.245551	1.29001	0.205683	0.505418	0.00939374	0.831904	-0.020209	5.12887e-06	0.163183	0.111383	0.293196	0.0242073	1530	1	41	23
31	1.03333	Punch_Cross	0.9	1	-0.24075	1.30319	0.162034	0.551489	0.0125512	0.829195	-0.0209695	1.72549e-05	0.164049	0.111731	0.290793	0.0252144	1530	1	41	23
32	1.06667	Punch_Cross	0.933333	1	-0.234586	1.31257	0.129569	0.588509	0.0153925	0.827041	-0.0215249	2.10385e-06	0.164662	0.112136	0.289041	0.0262226	1530	1	41	23
33	1.1	Punch_Cross	0.966667	1	-0.230478	1.31806	0.108163	0.615987	0.017277	0.825618	-0.0218937	4.11393e-07	0.16507	0.11228	0.287792	0.0266999	1530	1	41	23
34	1.13333	Punch_Cross	1	1	-0.228974	1.31988	0.100521	0.634501	0.0179631	0.825104	-0.0220266	7.85046e-17	0.165341	0.112358	0.286918	0.0269501	1530	1	41	23
35	1.16667	Punch_Cross	1.03333	1	-0.228974	1.31988	0.100521	0.641169	0.0179631	0.825104	-0.0220266	7.85046e-17	0.165522	0.112404	0.286318	0.0270898	1530	1	41	23
36	1.2	Punch_Cross	1.06667	1	-0.228974	1.31988	0.100521	0.641169	0.0179631	0.825104	-0.0220266	7.85046e-17	0.165642	0.112432	0.285913	0.0271706	1530	1	41	23
37	1.23333	Punch_Cross	1.1	1	-0.228974	1.31988	0.100521	0.641169	0.0179631	0.825104	-0.0220266	7.85046e-17	0.16572	0.112449	0.285641	0.0272183	1530	1	41	23
38	1.26667	Punch_Cross	1.13333	1	-0.228974	1.31988	0.100521	0.641169	0.0179631	0.825104	-0.0220266	7.85046e-17	0.165772	0.112459	0.285462	0.0272467	1530	1	41	23
39	1.3	Punch_Cross	1.16667	1	-0.228974	1.31988	0.100521	0.641169	0.0179631	0.825104	-0.0220266	7.85046e-17	0.165806	0.112465	0.285344	0.0272635	1530	1	41	23
40	1.33333	Punch_Cross	1.2	1	-0.228974	1.31988	0.100521	0.641169	0.0179631	0.825104	-0.0220266	7.85046e-17	0.165828	0.112469	0.285267	0.0272735	1530	1	41	23
41	1.36667	Punch_Cross	1.23333	1	-0.228974	1.31988	0.100521	0.641169	0.0179631	0.825104	-0.0220266	7.85046e-17	0.165842	0.112471	0.285217	0.0272793	1530	1	41	23
42	1.4	Punch_Cross	1.26667	1	-0.228974	1.31988	0.100521	0.641169	0.0179631	0.825104	-0.0220266	7.85046e-17	0.165851	0.112472	0.285185	0.0272826	1530	1	41	23
43	1.43333	Punch_Cross	1.3	1	-0.228974	1.31988	0.100521	0.641169	0.0179631	0.825104	-0.0220266	7.85046e-17	0.165857	0.112472	0.285164	0.0272846	1530	1	41	23
44	1.46667	Punch_Cross	1.33333	1	-0.228974	1.31988	0.100521	0.641169	0.0179631	0.825104	-0.0220266	7.85046e-17	0.165861	0.112473	0.285151	0.0272856	1530	1	41	23
45	1.5	Punch_Cross	1.36667	1	-0.228974	1.31988	0.100521	0.641169	0.0179631	0.825104	-0.0220266	7.85046e-17	0.165863	0.112473	0.285142	0.0272862	1530	1	41	23
46	1.53333	Punch_Cross	1.4	1	-0.228974	1.31988	0.100521	0.641169	0.0179631	0.825104	-0.0220266	7.85046e-17	0.165865	0.112473	0.285137	0.0272866	1530	1	41	23
47	1.56667	Punch_Cross	1.43333	1	-0.228974	1.31988	0.100521	0.641169	0.0179631	0.825104	-0.0220266	7.85046e-17	0.165865	0.112473	0.285134	0.0272868	1530	1	41	23
48	1.6	Punch_Cross	1.46667	1	-0.228974	1.31988	0.100521	0.641169	0.0179631	0.825104	-0.0220266	7.85046e-17	0.165866	0.112473	0.285131	0.0272869	1530	1	41	23
49	1.63333	Punch_Cross	1.5	1	-0.228974	1.31988	0.100521	0.641169	0.0179631	0.825104	-0.0220266	7.85046e-17	0.165866	0.112473	0.28513	0.0272869	1530	1	41	23
50	1.66667	Punch_Cross	1.53333	1	-0.228974	1.31988	0.100521	0.641169	0.0179631	0.825104	-0.0220266	7.85046e-17	0.165867	0.112473	0.285129	0.0272869	1530	1	41	23
51	1.7	Punch_Cross	1.56667	1	-0.228974	1.31988	0.100521	0.641169	0.0179631	0.825104	-0.0220266	7.85046e-17	0.165867	0.112473	0.285128	0.027287	1530	1	41	23
52	1.73333	Punch_Cross	1.6	1	-0.228974	1.31988	0.100521	0.641169	0.0179631	0.825104	-0.0220266	7.85046e-17	0.165867	0.112473	0.285128	0.027287	1530	1	41	23
53	1.76667	Punch_Cross	1.63333	1	-0.228974	1.31988	0.100521	0.641169	0.0179631	0.825104	-0.0220266	7.85046e-17	0.165867	0.112473	0.285128	0.027287	1530	1	41	23
54	1.8	Punch_Cross	1.66667	1	-0.228974	1.31988	0.100521	0.641169	0.0179631	0.825104	-0.0220266	7.85046e-17	0.165867	0.112473	0.285128	0.027287	1530	1	41	23
55	1.83333	Punch_Cross	1.7	1	-0.228974	1.31988	0.100521	0.641169	0.0179631	0.825104	-0.0220266	7.85046e-17	0.165867	0.112473	0.285128	0.027287	1530	1	41	23
56	1.86667	Punch_Cross	1.73333	1	-0.228974	1.31988	0.100521	0.641169	0.0179631	0.825104	-0.0220266	7.85046e-17	0.165867	0.112473	0.285128	0.027287	1530	1	41	23
57	1.9	Punch_Cross	1.76667	1	-0.228974	1.31988	0.100521	0.641169	0.0179631	0.825104	-0.0220266	7.85046e-17	0.165867	0.112473	0.285128	0.027287	1530	1	41	23
58	1.93333	Punch_Cross	1.8	1	-0.228974	1.31988	0.100521	0.641169	0.0179631	0.825104	-0.0220266	7.85046e-17	0.165867	0.112473	0.285128	0.027287	1530	1	41	23
59	1.96667	Punch_Cross	1.83333	1	-0.228974	1.31988	0.100521	0.641169	0.0179631	0.825104	-0.0220266	7.85046e-17	0.165867	0.112473	0.285127	0.027287	1530	1	41	23
60	2	Punch_Cross	1.86667	1	-0.228974	1.31988	0.100521	0.641169	0.0179631	0.825104	-0.0220266	7.85046e-17	0.165867	0.112473	0.285127	0.027287	1530	1	41	23
61	2.03333	Punch_Cross	1.9	1	-0.228974	1.31988	0.100521	0.641169	0.0179631	0.825104	-0.0220266	7.85046e-17	0.165867	0.112473	0.285127	0.027287	1530	1	41	23
62	2.06667	Punch_Cross	1.93333	1	-0.228974	1.31988	0.100521	0.641169	0.0179631	0.825104	-0.0220266	7.85046e-17	0.165867	0.112473	0.285127	0.027287	1530	1	41	23
63	2.1	Punch_Cross	1.96667	1	-0.228974	1.31988	0.100521	0.641169	0.0179631	0.825104	-0.0220266	7.85046e-17	0.165867	0.112473	0.285127	0.027287	1530	1	41	23
64	2.13333	Punch_Cross	2	1	-0.228974	1.31988	0.100521	0.641169	0.0179631	0.825104	-0.0220266	7.85046e-17	0.165867	0.112473	0.285127	0.027287	1530	1	41	23
65	2.16667	Punch_Cross	2.03333	1	-0.228974	1.31988	0.100521	0.641169	0.0179631	0.825104	-0.0220266	7.85046e-17	0.165867	0.112473	0.285127	0.027287	1530	1	41	23
66	2.2	Punch_Cross	2.06667	1	-0.228974	1.31988	0.100521	0.641169	0.0179631	0.825104	-0.0220266	7.85046e-17	0.165867	0.112473	0.285127	0.027287	1530	1	41	23
67	2.23333	Punch_Cross	2.1	1	-0.228974	1.31988	0.100521	0.641169	0.0179631	0.825104	-0.0220266	7.85046e-17	0.165867	0.112473	0.285127	0.027287	1530	1	41	23
68	2.26667	Punch_Cross	2.13333	1	-0.228974	1.31988	0.100521	0.641169	0.0179631	0.825104	-0.0220266	7.85046e-17	0.165867	0.112473	0.285127	0.027287	1530	1	41	23
69	2.3	Punch_Cross	2.16667	1	-0.228974	1.31988	0.100521	0.641169	0.0179631	0.825104	-0.0220266	7.85046e-17	0.165867	0.112473	0.285127	0.027287	1530	1	41	23
70	2.33333	Punch_Cross	2.2	1	-0.228974	1.31988	0.100521	0.641169	0.0179631	0.825104	-0.0220266	7.85046e-17	0.165867	0.112473	0.285127	0.027287	1530	1	41	23
71	2.36667	Punch_Cross	2.23333	1	-0.228974	1.31988	0.100521	0.641169	0.0179631	0.825104	-0.0220266	7.85046e-17	0.165867	0.112473	0.285127	0.027287	1530	1	41	23
72	2.4	Punch_Cross	2.26667	1	-0.228974	1.31988	0.100521	0.641169	0.0179631	0.825104	-0.0220266	7.85046e-17	0.165867	0.112473	0.285127	0.027287	1530	1	41	23
73	2.43333	Punch_Cross	2.3	1	-0.228974	1.31988	0.100521	0.641169	0.0179631	0.825104	-0.0220266	7.85046e-17	0.165867	0.112473	0.285127	0.027287	1530	1	41	23
74	2.46667	Punch_Cross	2.33333	1	-0.228974	1.31988	0.100521	0.641169	0.0179631	0.825104	-0.0220266	7.85046e-17	0.165867	0.112473	0.285127	0.027287	1530	1	41	23
75	2.5	Punch_Cross	2.36667	1	-0.228974	1.31988	0.100521	0.641169	0.0179631	0.825104	-0.0220266	7.85046e-17	0.165867	0.112473	0.285127	0.027287	1530	1	41	23
76	2.53333	Punch_Cross	2.4	1	-0.228974	1.31988	0.100521	0.641169	0.0179631	0.825104	-0.0220266	7.85046e-17	0.165867	0.112473	0.285127	0.027287	1530	1	41	23
77	2.56667	Punch_Cross	2.43333	1	-0.228974	1.31988	0.100521	0.641169	0.0179631	0.825104	-0.0220266	7.85046e-17	0.165867	0.112473	0.285127	0.027287	1530	1	41	23
78	2.6	Punch_Cross	2.46667	1	-0.228974	1.31988	0.100521	0.641169	0.0179631	0.825104	-0.0220266	7.85046e-17	0.165867	0.112473	0.285127	0.027287	1530	1	41	23
79	2.63333	Punch_Cross	2.5	1	-0.228974	1.31988	0.100521	0.641169	0.0179631	0.825104	-0.0220266	7.85046e-17	0.165867	0.112473	0.285127	0.027287	1530	1	41	23
80	2.66667	Punch_Cross	2.53333	1	-0.228974	1.31988	0.100521	0.641169	0.0179631	0.825104	-0.0220266	7.85046e-17	0.165867	0.112473	0.285127	0.027287	1530	1	41	23
81	2.7	Punch_Cross	2.56667	1	-0.228974	1.31988	0.100521	0.641169	0.0179631	0.825104	-0.0220266	7.85046e-17	0.165867	0.112473	0.285127	0.027287	1530	1	41	23
82	2.73333	Punch_Cross	2.6	1	-0.228974	1.31988	0.100521	0.641169	0.0179631	0.825104	-0.0220266	7.85046e-17	0.165867	0.112473	0.285127	0.027287	1530	1	41	23
83	2.76667	Punch_Cross	2.63333	1	-0.228974	1.31988	0.100521	0.641169	0.0179631	0.825104	-0.0220266	7.85046e-17	0.165867	0.112473	0.285127	0.027287	1530	1	41	23
84	2.8	Punch_Cross	2.66667	1	-0.228974	1.31988	0.100521	0.641169	0.0179631	0.825104	-0.0220266	7.85046e-17	0.165867	0.112473	0.285127	0.027287	1530	1	41	23
85	2.83333	Punch_Cross	2.7	1	-0.228974	1.31988	0.100521	0.641169	0.0179631	0.825104	-0.0220266	7.85046e-17	0.165867	0.112473	0.285127	0.027287	1530	1	41	23
86	2.86667	Punch_Cross	2.73333	1	-0.228974	1.31988	0.100521	0.641169	0.0179631	0.825104	-0.0220266	7.85046e-17	0.165867	0.112473	0.285127	0.027287	1530	1	41	23
87	2.9	Punch_Cross	2.76667	1	-0.228974	1.31988	0.100521	0.641169	0.0179631	0.825104	-0.0220266	7.85046e-17	0.165867	0.112473	0.285127	0.027287	1530	1	41	23
88	2.93333	Punch_Cross	2.8	1	-0.228974	1.31988	0.100521	0.641169	0.0179631	0.825104	-0.0220266	7.85046e-17	0.165867	0.112473	0.285127	0.027287	1530	1	41	23
89	2.96667	Punch_Cross	2.83333	1	-0.228974	1.31988	0.100521	0.641169	0.0179631	0.825104	-0.0220266	7.85046e-17	0.165867	0.112473	0.285127	0.027287	1530	1	41	23
90	3	Punch_Cross	2.86667	1	-0.228974	1.31988	0.100521	0.641169	0.0179631	0.825104	-0.0220266	7.85046e-17	0.165867	0.112473	0.285127	0.027287	1530	1	41	23
91	3.03333	Punch_Cross	2.9	1	-0.228974	1.31988	0.100521	0.641169	0.0179631	0.825104	-0.0220266	7.85046e-17	0.165867	0.112473	0.285127	0.027287	1530	1	41	23
92	3.06667	Punch_Cross	2.93333	1	-0.228974	1.31988	0.100521	0.641169	0.0179631	0.825104	-0.0220266	7.85046e-17	0.165867	0.112473	0.285127	0.027287	1530	1	41	23
93	3.1	Punch_Cross	2.96667	1	-0.228974	1.31988	0.100521	0.641169	0.0179631	0.825104	-0.0220266	7.85046e-17	0.165867	0.112473	0.285127	0.027287	1530	1	41	23
94	3.13333	Punch_Cross	3	1	-0.228974	1.31988	0.100521	0.641169	0.0179631	0.825104	-0.0220266	7.85046e-17	0.165867	0.112473	0.285127	0.027287	1530	1	41	23
95	3.16667	Punch_Cross	3.03333	1	-0.228974	1.31988	0.100521	0.641169	0.0179631	0.825104	-0.0220266	7.85046e-17	0.165867	0.112473	0.285127	0.027287	1530	1	41	23
96	3.2	Punch_Cross	3.06667	1	-0.228974	1.31988	0.100521	0.641169	0.0179631	0.825104	-0.0220266	7.85046e-17	0.165867	0.112473	0.285127	0.027287	1530	1	41	23
97	3.23333	Punch_Cross	3.1	1	-0.228974	1.31988	0.100521	0.641169	0.0179631	0.825104	-0.0220266	7.85046e-17	0.165867	0.112473	0.285127	0.027287	1530	1	41	23
98	3.26667	Punch_Cross	3.13333	1	-0.228974	1.31988	0.100521	0.641169	0.0179631	0.825104	-0.0220266	7.85046e-17	0.165867	0.112473	0.285127	0.027287	1530	1	41	23
99	3.3	Punch_Cross	3.16667	1	-0.228974	1.31988	0.100521	0.641169	0.0179631	0.825104	-0.0220266	7.85046e-17	0.165867	0.112473	0.285127	0.027287	1530	1	41	23
100	3.33333	Punch_Cross	3.2	1	-0.228974	1.31988	0.100521	0.641169	0.0179631	0.825104	-0.0220266	7.85046e-17	0.165867	0.112473	0.285127	0.027287	1530	1	41	23
101	3.36667	Punch_Cross	3.23333	1	-0.228974	1.31988	0.100521	0.641169	0.0179631	0.825104	-0.0220266	7.85046e-17	0.165867	0.112473	0.285127	0.027287	1530	1	41	23
102	3.4	Punch_Cross	3.26667	1	-0.228974	1.31988	0.100521	0.641169	0.0179631	0.825104	-0.0220266	7.85046e-17	0.165867	0.112473	0.285127	0.027287	1530	1	41	23
103	3.43333	Punch_Cross	3.3	1	-0.228974	1.31988	0.100521	0.641169	0.0179631	0.825104	-0.0220266	7.85046e-17	0.165867	0.112473	0.285127	0.027287	1530	1	41	23
104	3.46667	Punch_Cross	3.33333	1	-0.228974	1.31988	0.100521	0.641169	0.0179631	0.825104	-0.0220266	7.85046e-17	0.165867	0.112473	0.285127	0.027287	1530	1	41	23
105	3.5	Punch_Cross	3.36667	1	-0.228974	1.31988	0.100521	0.641169	0.0179631	0.825104	-0.0220266	7.85046e-17	0.165867	0.112473	0.285127	0.027287	1530	1	41	23
106	3.53333	Punch_Cross	3.4	1	-0.228974	1.31988	0.100521	0.641169	0.0179631	0.825104	-0.0220266	7.85046e-17	0.165867	0.112473	0.285127	0.027287	1530	1	41	23
107	3.56667	Punch_Cross	3.43333	1	-0.228974	1.31988	0.100521	0.641169	0.0179631	0.825104	-0.0220266	7.85046e-17	0.165867	0.112473	0.285127	0.027287	1530	1	41	23
108	3.6	Punch_Cross	3.46667	1	-0.228974	1.31988	0.100521	0.641169	0.0179631	0.825104	-0.0220266	7.85046e-17	0.165867	0.112473	0.285127	0.027287	1530	1	41	23
109	3.63333	Punch_Cross	3.5	1	-0.228974	1.31988	0.100521	0.641169	0.0179631	0.825104	-0.0220266	7.85046e-17	0.165867	0.112473	0.285127	0.027287	1530	1	41	23
110	3.66667	Punch_Cross	3.53333	1	-0.228974	1.31988	0.100521	0.641169	0.0179631	0.825104	-0.0220266	7.85046e-17	0.165867	0.112473	0.285127	0.027287	1530	1	41	23
111	3.7	Punch_Cross	3.56667	1	-0.228974	1.31988	0.100521	0.641169	0.0179631	0.825104	-0.0220266	7.85046e-17	0.165867	0.112473	0.285127	0.027287	1530	1	41	23
112	3.73333	Punch_Cross	3.6	1	-0.228974	1.31988	0.100521	0.641169	0.0179631	0.825104	-0.0220266	7.85046e-17	0.165867	0.112473	0.285127	0.027287	1530	1	41	23
113	3.76667	Punch_Cross	3.63333	1	-0.228974	1.31988	0.100521	0.641169	0.0179631	0.825104	-0.0220266	7.85046e-17	0.165867	0.112473	0.285127	0.027287	1530	1	41	23
114	3.8	Punch_Cross	3.66667	1	-0.228974	1.31988	0.100521	0.641169	0.0179631	0.825104	-0.0220266	7.85046e-17	0.165867	0.112473	0.285127	0.027287	1530	1	41	23
115	3.83333	Punch_Cross	3.7	1	-0.228974	1.31988	0.100521	0.641169	0.0179631	0.825104	-0.0220266	7.85046e-17	0.165867	0.112473	0.285127	0.027287	1530	1	41	23
116	3.86667	Punch_Cross	3.73333	1	-0.228974	1.31988	0.100521	0.641169	0.0179631	0.825104	-0.0220266	7.85046e-17	0.165867	0.112473	0.285127	0.027287	1530	1	41	23
117	3.9	Punch_Cross	3.76667	1	-0.228974	1.31988	0.100521	0.641169	0.0179631	0.825104	-0.0220266	7.85046e-17	0.165867	0.112473	0.285127	0.027287	1530	1	41	23
118	3.93333	Punch_Cross	3.8	1	-0.228974	1.31988	0.100521	0.641169	0.0179631	0.825104	-0.0220266	7.85046e-17	0.165867	0.112473	0.285127	0.027287	1530	1	41	23
119	3.96667	Punch_Cross	3.83333	1	-0.228974	1.31988	0.100521	0.641169	0.0179631	0.825104	-0.0220266	7.85046e-17	0.165867	0.112473	0.285127	0.027287	1530	1	41	23
